time,DHT22 humidity,DHT22 temp,BMP085 temp,BMP085 pressure,
16:02:39,53.00,25.80,29.60,101262,
16:03:05,53.70,25.90,29.60,101256,
16:03:32,51.50,25.90,29.60,101253,
16:03:59,51.40,26.00,29.60,101251,
16:04:26,51.10,26.00,29.70,101256,
16:04:53,50.60,26.00,29.70,101245,
16:05:20,50.00,26.10,29.70,101251,
16:05:46,49.60,26.10,29.70,101254,
16:06:13,49.40,26.20,29.70,101253,
16:06:40,49.10,26.20,29.80,101259,
16:07:07,40.40,26.10,29.70,101257,
16:07:34,44.10,26.00,29.70,101264,
16:08:01,44.60,26.00,29.70,101255,
16:08:27,42.00,26.00,29.70,101263,
16:08:54,41.60,26.00,29.70,101259,
16:09:21,42.60,26.10,29.60,101258,
16:09:48,41.70,26.00,29.60,101255,
16:10:15,39.80,26.00,29.60,101257,
16:10:42,39.20,25.90,29.60,101255,
16:11:08,39.30,25.90,29.60,101252,
16:11:35,39.50,25.90,29.60,101264,
16:12:02,38.40,25.90,29.60,101259,
16:12:29,37.20,25.90,29.60,101255,
16:12:56,36.40,25.90,29.50,101258,
16:13:23,36.40,25.90,29.50,101259,
16:13:50,36.50,25.80,29.50,101262,
16:14:16,36.20,25.80,29.50,101263,
16:14:43,35.40,25.80,29.50,101258,
16:15:10,34.90,25.80,29.50,101260,
16:15:37,34.50,25.80,29.50,101260,
16:16:04,34.40,25.70,29.40,101260,
16:16:31,34.40,25.70,29.40,101257,
16:16:57,34.40,25.60,29.40,101258,
16:17:24,33.80,25.60,29.40,101258,
16:17:51,34.40,25.60,29.40,101262,
16:18:18,34.30,25.60,29.40,101257,
16:18:45,34.90,25.50,29.40,101261,
16:19:12,34.60,25.50,29.40,101257,
16:19:38,34.60,25.50,29.40,101257,
16:20:05,34.50,25.50,29.40,101260,
16:20:32,34.10,25.50,29.40,101262,
16:20:59,33.50,25.50,29.40,101255,
16:21:26,33.30,25.50,29.40,101264,
16:21:53,33.20,25.50,29.40,101258,
16:22:20,34.50,25.40,29.40,101261,
16:22:46,34.00,25.40,29.40,101262,
16:23:13,34.00,25.40,29.40,101262,
16:23:40,34.00,25.40,29.40,101271,
16:24:07,33.40,25.30,29.40,101268,
16:24:34,33.40,25.40,29.40,101265,
16:25:01,33.60,25.30,29.40,101278,
16:25:27,33.60,25.30,29.40,101272,
16:25:54,33.20,25.20,29.40,101270,
16:26:21,33.30,25.30,29.40,101270,
16:26:48,33.40,25.30,29.30,101273,
16:27:15,32.60,25.20,29.30,101279,
16:27:42,33.60,25.20,29.30,101278,
16:28:08,33.00,25.20,29.30,101277,
16:28:35,33.10,25.20,29.30,101275,
16:29:02,33.50,25.20,29.30,101266,
16:29:29,31.90,25.20,29.30,101268,
16:29:56,32.10,25.20,29.30,101272,
16:30:23,32.10,25.20,29.30,101265,
16:30:50,31.90,25.20,29.30,101269,
16:31:16,31.70,25.20,29.30,101270,
16:31:43,31.60,25.20,29.20,101271,
16:32:10,31.60,25.10,29.20,101274,
16:32:37,31.70,25.20,29.20,101271,
16:33:04,31.10,25.10,29.20,101274,
16:33:31,31.30,25.10,29.20,101275,
16:33:57,32.00,25.00,29.10,101268,
16:34:24,31.70,25.00,29.10,101271,
16:34:51,31.50,25.00,29.10,101267,
16:35:18,31.30,25.00,29.10,101277,
16:35:45,31.30,24.90,29.10,101274,
16:36:12,31.60,24.90,29.10,101272,
16:36:39,31.40,24.90,29.00,101275,
16:37:05,30.90,24.90,29.00,101269,
16:37:32,30.50,24.80,29.00,101269,
16:37:59,30.40,24.80,29.00,101263,
16:38:26,30.30,24.80,29.00,101267,
16:38:53,29.70,24.70,28.90,101267,
16:39:20,29.70,24.70,28.90,101266,
16:39:46,29.80,24.60,28.90,101260,
16:40:13,29.70,24.50,28.90,101260,
16:40:40,29.90,24.50,28.80,101248,
16:41:07,29.50,24.50,28.80,101255,
16:41:34,29.70,24.50,28.80,101256,
16:42:01,29.30,24.50,28.80,101244,
16:42:27,29.30,24.40,28.80,101251,
16:42:54,29.20,24.50,28.80,101245,
16:43:21,29.20,24.40,28.80,101244,
16:43:48,29.30,24.40,28.80,101247,
16:44:15,29.10,24.40,28.80,101244,
16:44:42,29.20,24.40,28.80,101247,
16:45:09,29.10,24.40,28.80,101242,
16:45:35,28.60,24.40,28.80,101238,
16:46:02,28.40,24.40,28.80,101241,
16:46:29,28.40,24.40,28.80,101237,
16:46:56,28.40,24.40,28.80,101238,
16:47:23,28.00,24.30,28.80,101235,
16:47:50,27.80,24.30,28.80,101236,
16:48:16,27.80,24.30,28.80,101241,
16:48:43,27.60,24.30,28.80,101231,
16:49:10,27.50,24.30,28.70,101239,
16:49:37,27.50,24.30,28.70,101236,
16:50:04,27.50,24.30,28.70,101239,
16:50:31,27.40,24.20,28.70,101224,
16:50:57,27.60,24.30,28.70,101242,
16:51:24,27.40,24.30,28.70,101237,
16:51:51,27.40,24.20,28.70,101239,
16:52:18,27.30,24.20,28.80,101233,
16:52:45,27.40,24.30,28.80,101238,
16:53:12,27.20,24.30,28.80,101228,
16:53:38,27.30,24.30,28.80,101231,
16:54:05,27.30,24.30,28.80,101241,
16:54:32,27.10,24.20,28.70,101236,
16:54:59,27.10,24.30,28.80,101236,
16:55:26,26.70,24.30,28.80,101239,
16:55:53,26.80,24.30,28.70,101226,
16:56:20,26.90,24.30,28.70,101223,
16:56:46,26.80,24.30,28.70,101227,
16:57:13,26.60,24.30,28.70,101233,
16:57:40,26.60,24.30,28.70,101224,
16:58:07,26.40,24.30,28.70,101234,
16:58:34,26.30,24.30,28.80,101227,
16:59:01,26.30,24.30,28.80,101230,
16:59:27,26.20,24.30,28.80,101227,
16:59:54,26.10,24.30,28.80,101221,
17:00:21,26.20,24.30,28.80,101223,
17:00:48,26.10,24.30,28.80,101226,
17:01:15,26.10,24.30,28.80,101223,
17:01:42,26.00,24.30,28.80,101226,
17:02:08,25.90,24.30,28.80,101223,
17:02:35,25.80,24.30,28.80,101222,
17:03:02,25.60,24.30,28.80,101224,
17:03:29,25.60,24.30,28.80,101222,
17:03:56,25.70,24.30,28.80,101220,
17:04:23,25.70,24.30,28.80,101225,
17:04:50,25.60,24.30,28.80,101226,
17:05:16,25.60,24.30,28.80,101223,
17:05:43,25.50,24.30,28.80,101218,
17:06:10,25.30,24.30,28.80,101218,
17:06:37,25.20,24.30,28.80,101214,
17:07:04,25.30,24.30,28.80,101217,
17:07:31,25.10,24.30,28.70,101209,
17:07:57,25.20,24.30,28.70,101222,
17:08:24,25.00,24.30,28.70,101219,
17:08:51,25.00,24.30,28.70,101217,
17:09:18,25.10,24.20,28.70,101214,
17:09:45,25.00,24.30,28.70,101211,
17:10:12,24.90,24.20,28.70,101216,
17:10:38,25.00,24.20,28.70,101212,
17:11:05,24.90,24.20,28.70,101215,
17:11:32,24.90,24.20,28.70,101222,
17:11:59,24.90,24.20,28.70,101219,
17:12:26,24.70,24.20,28.70,101213,
17:12:53,24.80,24.20,28.70,101229,
17:13:20,24.70,24.20,28.60,101217,
17:13:46,24.80,24.20,28.60,101220,
17:14:13,24.70,24.20,28.60,101220,
17:14:40,24.80,24.10,28.60,101217,
17:15:07,24.60,24.20,28.60,101220,
17:15:34,24.50,24.20,28.60,101223,
17:16:01,24.50,24.10,28.60,101217,
17:16:27,24.60,24.10,28.60,101221,
17:16:54,24.50,24.10,28.60,101224,
17:17:21,24.40,24.20,28.60,101227,
17:17:48,24.50,24.10,28.60,101224,
17:18:15,24.40,24.10,28.60,101236,
17:18:42,24.40,24.10,28.60,101230,
17:19:09,24.30,24.20,28.60,101233,
17:19:35,24.30,24.10,28.60,101232,
17:20:02,24.20,24.20,28.60,101236,
17:20:29,24.10,24.10,28.60,101235,
17:20:56,24.00,24.10,28.60,101234,
17:21:23,24.10,24.10,28.60,101231,
17:21:50,24.10,24.10,28.60,101237,
17:22:16,24.10,24.10,28.60,101239,
17:22:43,24.20,24.10,28.60,101224,
17:23:10,24.20,24.20,28.60,101230,
17:23:37,24.00,24.10,28.60,101230,
17:24:04,24.00,24.20,28.60,101233,
17:24:31,24.10,24.10,28.50,101228,
17:24:57,24.10,24.20,28.50,101226,
17:25:24,24.10,24.20,28.50,101234,
17:25:51,24.00,24.10,28.50,101227,
17:26:18,24.20,24.20,28.50,101226,
17:26:45,24.10,24.20,28.50,101231,
17:27:12,24.10,24.20,28.50,101228,
17:27:39,24.00,24.20,28.50,101228,
17:28:05,23.90,24.20,28.50,101222,
17:28:32,23.90,24.20,28.50,101222,
17:28:59,23.80,24.10,28.50,101223,
17:29:26,23.80,24.20,28.50,101231,
17:29:53,23.80,24.10,28.50,101226,
17:30:20,23.70,24.10,28.50,101223,
17:30:46,23.70,24.10,28.50,101222,
17:31:13,23.70,24.20,28.50,101223,
17:31:40,23.50,24.10,28.50,101227,
17:32:07,23.60,24.10,28.50,101217,
17:32:34,23.50,24.10,28.50,101222,
17:33:01,23.50,24.10,28.50,101219,
17:33:27,23.60,24.10,28.50,101219,
17:33:54,23.50,24.10,28.50,101222,
17:34:21,23.50,24.10,28.50,101223,
17:34:48,23.80,24.10,28.50,101212,
17:35:15,23.70,24.10,28.50,101213,
17:35:42,23.50,24.10,28.50,101222,
17:36:09,23.40,24.10,28.50,101218,
17:36:35,23.30,24.10,28.50,101222,
17:37:02,23.30,24.10,28.50,101215,
17:37:29,23.30,24.10,28.50,101215,
17:37:56,23.30,24.10,28.50,101221,
17:38:23,23.20,24.10,28.40,101211,
17:38:50,23.30,24.10,28.40,101216,
17:39:16,23.30,24.10,28.40,101211,
17:39:43,23.20,24.10,28.40,101214,
17:40:10,23.30,24.10,28.40,101207,
17:40:37,23.20,24.00,28.40,101214,
17:41:04,23.30,24.10,28.40,101206,
17:41:31,23.20,24.10,28.40,101202,
17:41:58,23.20,24.10,28.40,101202,
17:42:24,23.00,24.00,28.40,101205,
17:42:51,23.00,24.00,28.40,101204,
17:43:18,23.20,24.00,28.40,101198,
17:43:45,23.10,24.00,28.40,101196,
17:44:12,23.10,24.00,28.30,101196,
17:44:39,23.20,24.00,28.30,101194,
17:45:05,23.00,24.00,28.40,101201,
17:45:32,23.20,24.00,28.30,101199,
17:45:59,23.00,24.00,28.30,101197,
17:46:26,23.00,24.00,28.30,101202,
17:46:53,23.20,24.00,28.30,101209,
17:47:20,23.00,24.00,28.30,101203,
17:47:46,23.20,24.00,28.30,101213,
17:48:13,23.30,24.00,28.30,101211,
17:48:40,23.20,24.00,28.40,101212,
17:49:07,23.30,24.10,28.40,101208,
17:49:34,23.10,24.00,28.40,101207,
17:50:01,23.10,24.10,28.40,101210,
17:50:27,22.90,24.10,28.40,101214,
17:50:54,22.90,24.00,28.40,101205,
17:51:21,22.80,24.10,28.30,101211,
17:51:48,22.80,24.00,28.40,101208,
17:52:15,22.80,24.10,28.40,101205,
17:52:42,22.80,24.10,28.40,101205,
17:53:09,22.70,24.10,28.40,101212,
17:53:35,22.80,24.10,28.40,101205,
17:54:02,22.80,24.10,28.40,101208,
17:54:29,22.90,24.10,28.40,101208,
17:54:56,22.90,24.10,28.40,101200,
17:55:23,22.80,24.10,28.40,101209,
17:55:50,22.80,24.10,28.40,101210,
17:56:16,22.80,24.10,28.40,101211,
17:56:43,22.80,24.10,28.40,101208,
17:57:10,22.80,24.10,28.40,101203,
17:57:37,22.70,24.10,28.40,101215,
17:58:04,22.60,24.10,28.40,101209,
17:58:31,22.80,24.20,28.40,101208,
17:58:57,22.60,24.10,28.40,101207,
17:59:24,22.70,24.10,28.40,101208,
17:59:51,22.70,24.10,28.40,101205,
18:00:18,22.60,24.10,28.40,101209,
18:00:45,22.60,24.10,28.30,101208,
18:01:12,22.60,24.10,28.30,101207,
18:01:39,22.70,24.10,28.30,101208,
18:02:05,22.70,24.10,28.30,101207,
18:02:32,22.60,24.10,28.30,101206,
18:02:59,22.50,24.10,28.30,101203,
18:03:26,22.40,24.10,28.30,101199,
18:03:53,22.50,24.10,28.30,101194,
18:04:20,22.40,24.10,28.30,101197,
18:04:46,22.60,24.10,28.30,101196,
18:05:13,22.60,24.10,28.30,101198,
18:05:40,22.50,24.10,28.30,101201,
18:06:07,22.60,24.10,28.30,101205,
18:06:34,22.60,24.10,28.30,101200,
18:07:01,22.50,24.10,28.30,101200,
18:07:27,22.50,24.10,28.30,101200,
18:07:54,22.60,24.10,28.30,101199,
18:08:21,22.70,24.10,28.30,101194,
18:08:48,22.50,24.10,28.30,101189,
18:09:15,22.50,24.10,28.30,101201,
18:09:42,22.50,24.10,28.30,101191,
18:10:09,22.50,24.10,28.30,101183,
18:10:35,22.50,24.10,28.30,101197,
18:11:02,22.70,24.10,28.30,101187,
18:11:29,22.60,24.10,28.30,101189,
18:11:56,22.50,24.10,28.30,101185,
18:12:23,22.40,24.10,28.30,101188,
18:12:50,22.40,24.10,28.30,101190,
18:13:16,22.40,24.10,28.30,101191,
18:13:43,22.40,24.10,28.30,101188,
18:14:10,22.40,24.10,28.30,101190,
18:14:37,22.40,24.10,28.30,101199,
18:15:04,22.30,24.10,28.30,101192,
18:15:31,22.30,24.10,28.30,101183,
18:15:57,22.30,24.10,28.30,101186,
18:16:24,22.30,24.10,28.30,101188,
18:16:51,22.30,24.10,28.30,101188,
18:17:18,22.20,24.10,28.30,101187,
18:17:45,22.20,24.10,28.30,101194,
18:18:12,22.40,24.10,28.30,101185,
18:18:39,22.30,24.10,28.30,101191,
18:19:05,22.20,24.10,28.30,101187,
18:19:32,22.10,24.10,28.30,101192,
18:19:59,22.20,24.10,28.20,101192,
18:20:26,22.20,24.10,28.30,101196,
18:20:53,22.20,24.10,28.20,101190,
18:21:20,22.20,24.10,28.20,101193,
18:21:46,22.20,24.00,28.20,101195,
18:22:13,22.20,24.10,28.20,101195,
18:22:40,22.40,24.10,28.20,101192,
18:23:07,22.40,24.10,28.20,101191,
18:23:34,22.10,24.00,28.20,101195,
18:24:01,22.10,24.00,28.20,101189,
18:24:27,22.40,24.00,28.20,101193,
18:24:54,22.20,24.00,28.20,101188,
18:25:21,22.20,24.00,28.20,101187,
18:25:48,22.20,24.00,28.20,101189,
18:26:15,22.20,24.00,28.20,101184,
18:26:42,22.20,24.00,28.20,101180,
18:27:09,22.20,24.00,28.20,101185,
18:27:35,22.30,24.00,28.20,101184,
18:28:02,22.10,24.00,28.20,101186,
18:28:29,22.10,24.00,28.20,101186,
18:28:56,22.40,24.00,28.20,101194,
18:29:23,22.30,23.90,28.20,101186,
18:29:50,22.20,23.90,28.20,101185,
18:30:16,22.20,24.00,28.10,101185,
18:30:43,22.40,24.00,28.20,101191,
18:31:10,22.30,23.90,28.10,101190,
18:31:37,22.20,23.90,28.20,101189,
18:32:04,22.30,23.90,28.10,101188,
18:32:31,22.30,23.90,28.10,101191,
18:32:58,22.30,23.90,28.20,101183,
18:33:24,22.20,23.90,28.10,101185,
18:33:51,22.10,23.90,28.10,101183,
18:34:18,22.10,23.90,28.10,101181,
18:34:45,22.20,23.90,28.10,101182,
18:35:12,22.20,23.90,28.20,101179,
18:35:39,22.10,23.90,28.10,101185,
18:36:05,22.10,23.90,28.10,101187,
18:36:32,22.00,24.00,28.10,101188,
18:36:59,22.10,24.00,28.20,101187,
18:37:26,22.00,23.90,28.10,101183,
18:37:53,22.00,23.90,28.10,101174,
18:38:20,22.10,24.00,28.10,101179,
18:38:46,22.00,23.90,28.10,101176,
18:39:13,21.90,23.90,28.10,101173,
18:39:40,21.90,23.90,28.10,101174,
18:40:07,21.90,23.90,28.10,101177,
18:40:34,22.00,23.90,28.10,101175,
18:41:01,21.90,23.90,28.10,101171,
18:41:28,21.90,23.90,28.10,101174,
18:41:54,22.00,23.90,28.10,101170,
18:42:21,21.90,23.90,28.10,101167,
18:42:48,21.90,23.90,28.10,101170,
18:43:15,21.90,23.90,28.10,101167,
18:43:42,21.70,23.90,28.10,101160,
18:44:09,21.70,23.90,28.10,101165,
18:44:35,21.70,23.90,28.10,101163,
18:45:02,21.80,23.90,28.10,101162,
18:45:29,21.90,23.90,28.10,101161,
18:45:56,21.90,23.90,28.10,101154,
18:46:23,21.90,23.90,28.10,101159,
18:46:50,21.80,23.90,28.10,101156,
18:47:17,21.70,23.90,28.10,101152,
18:47:43,21.70,23.90,28.10,101157,
18:48:10,21.80,23.90,28.10,101158,
18:48:37,21.80,23.90,28.10,101153,
18:49:04,21.70,23.90,28.10,101164,
18:49:31,21.70,23.90,28.10,101151,
18:49:58,21.80,23.90,28.10,101145,
18:50:24,21.70,23.90,28.10,101148,
18:50:51,21.70,23.90,28.10,101145,
18:51:18,21.70,23.90,28.10,101140,
18:51:45,21.70,23.90,28.10,101142,
18:52:12,21.50,23.90,28.10,101148,
18:52:39,21.60,23.90,28.10,101139,
18:53:05,21.60,23.90,28.10,101141,
18:53:32,21.50,23.90,28.10,101146,
18:53:59,21.50,23.90,28.10,101139,
18:54:26,21.40,23.90,28.10,101143,
18:54:53,21.50,23.90,28.00,101146,
18:55:20,21.50,23.90,28.00,101143,
18:55:47,21.40,23.80,28.00,101145,
18:56:13,21.40,23.80,28.00,101135,
18:56:40,21.40,23.80,28.00,101139,
18:57:07,21.40,23.90,28.10,101133,
18:57:34,21.50,23.90,28.00,101144,
18:58:01,21.50,23.90,28.00,101124,
18:58:28,21.50,23.80,28.10,101133,
18:58:54,21.40,23.80,28.10,101129,
18:59:21,21.40,23.90,28.10,101125,
18:59:48,21.50,23.90,28.10,101133,
19:00:15,21.30,23.80,28.10,101126,
19:00:42,21.50,23.90,28.10,101131,
19:01:09,21.50,23.90,28.10,101127,
19:01:35,21.40,23.90,28.00,101123,
19:02:02,21.30,23.90,28.00,101125,
19:02:29,21.40,23.90,28.00,101118,
19:02:56,21.40,23.90,28.00,101125,
19:03:23,21.40,23.90,28.00,101122,
19:03:50,21.30,23.80,28.00,101119,
19:04:17,21.20,23.80,28.00,101115,
19:04:43,21.20,23.80,28.00,101118,
19:05:10,21.30,23.80,28.00,101114,
19:05:37,21.30,23.80,28.00,101115,
19:06:04,21.30,23.80,28.00,101117,
19:06:31,21.40,23.80,28.00,101112,
19:06:58,21.40,23.80,28.00,101114,
19:07:24,21.20,23.80,28.00,101108,
19:07:51,21.20,23.80,28.00,101103,
19:08:18,21.10,23.80,28.00,101110,
19:08:45,21.20,23.70,28.00,101101,
19:09:12,21.30,23.80,28.00,101099,
19:09:39,21.10,23.80,28.00,101096,
19:10:05,21.30,23.80,28.00,101100,
19:10:32,21.30,23.80,28.00,101102,
19:10:59,21.20,23.80,28.00,101094,
19:11:26,21.20,23.80,28.00,101087,
19:11:53,21.10,23.80,28.00,101092,
19:12:20,21.30,23.80,28.00,101090,
19:12:47,21.20,23.80,28.00,101088,
19:13:13,21.10,23.80,28.00,101089,
19:13:40,21.10,23.80,28.00,101084,
19:14:07,21.20,23.80,28.00,101081,
19:14:34,21.10,23.80,28.00,101081,
19:15:01,21.10,23.80,28.00,101083,
19:15:28,21.10,23.80,28.00,101089,
19:15:54,21.10,23.80,28.00,101084,
19:16:21,21.20,23.80,28.00,101079,
19:16:48,21.10,23.80,28.00,101074,
19:17:15,21.20,23.80,28.00,101076,
19:17:42,21.20,23.80,28.00,101078,
19:18:09,21.20,23.80,28.00,101068,
19:18:35,21.10,23.80,28.00,101075,
19:19:02,21.10,23.70,28.00,101068,
19:19:29,21.10,23.80,28.00,101074,
19:19:56,21.00,23.80,28.00,101064,
19:20:23,21.00,23.80,28.00,101065,
19:20:50,21.00,23.80,28.00,101071,
19:21:16,21.10,23.80,28.00,101074,
19:21:43,21.00,23.80,28.00,101077,
19:22:10,20.90,23.80,28.00,101066,
19:22:37,21.00,23.80,28.00,101073,
19:23:04,21.00,23.80,28.00,101057,
19:23:31,21.00,23.80,28.00,101056,
19:23:58,20.90,23.70,28.00,101054,
19:24:24,20.90,23.70,27.90,101058,
19:24:51,20.90,23.70,27.90,101055,
19:25:18,20.90,23.70,27.90,101046,
19:25:45,21.00,23.70,27.90,101051,
19:26:12,21.00,23.70,27.90,101044,
19:26:39,21.00,23.70,27.90,101043,
19:27:05,20.90,23.70,27.90,101042,
19:27:32,21.10,23.70,27.90,101055,
19:27:59,21.10,23.70,27.90,101049,
19:28:26,21.10,23.60,27.90,101049,
19:28:53,21.10,23.70,27.90,101045,
19:29:20,21.20,23.70,27.90,101051,
19:29:46,21.20,23.70,27.90,101049,
19:30:13,21.10,23.70,27.90,101044,
19:30:40,21.10,23.70,27.90,101047,
19:31:07,21.10,23.70,27.90,101049,
19:31:34,21.00,23.70,27.90,101054,
19:32:01,21.00,23.70,27.90,101045,
19:32:28,21.00,23.70,27.90,101052,
19:32:54,20.70,23.70,27.90,101054,
19:33:21,20.60,23.60,27.90,101049,
19:33:48,20.90,23.50,27.80,101044,
19:34:15,21.00,23.50,27.80,101040,
19:34:42,21.20,23.50,27.80,101042,
19:35:09,21.10,23.50,27.80,101038,
19:35:35,21.30,23.50,27.80,101041,
19:36:02,21.30,23.50,27.80,101046,
19:36:29,21.20,23.50,27.80,101037,
19:36:56,21.10,23.50,27.80,101040,
19:37:23,21.00,23.50,27.80,101034,
19:37:50,20.90,23.50,27.80,101033,
19:38:17,20.90,23.50,27.80,101035,
19:38:43,21.00,23.50,27.80,101034,
19:39:10,20.90,23.40,27.80,101040,
19:39:37,20.90,23.40,27.80,101032,
19:40:04,20.80,23.40,27.80,101036,
19:40:31,20.90,23.50,27.80,101030,
19:40:58,20.90,23.50,27.80,101026,
19:41:24,20.80,23.40,27.80,101021,
19:41:51,20.80,23.40,27.80,101029,
19:42:18,20.70,23.40,27.80,101023,
19:42:45,20.70,23.40,27.80,101025,
19:43:12,20.80,23.40,27.80,101017,
19:43:39,21.00,23.40,27.80,101021,
19:44:05,21.20,23.40,27.80,101018,
19:44:32,21.20,23.40,27.80,101021,
19:44:59,21.20,23.40,27.80,101023,
19:45:26,21.20,23.40,27.80,101020,
19:45:53,20.90,23.40,27.80,101016,
19:46:20,20.90,23.40,27.80,101012,
19:46:47,20.80,23.40,27.80,101017,
19:47:13,20.80,23.50,27.80,101020,
19:47:40,20.80,23.50,27.80,101022,
19:48:07,20.80,23.50,27.80,101017,
19:48:34,20.80,23.50,27.80,101017,
19:49:01,20.80,23.50,27.80,101023,
19:49:28,20.70,23.50,27.80,101019,
19:49:54,20.80,23.50,27.80,101016,
19:50:21,20.70,23.50,27.80,101010,
19:50:48,20.60,23.50,27.80,101014,
19:51:15,20.60,23.50,27.80,101012,
19:51:42,20.60,23.50,27.80,101010,
19:52:09,20.60,23.40,27.80,101011,
19:52:35,20.70,23.40,27.80,101021,
19:53:02,20.80,23.50,27.80,101008,
19:53:29,20.80,23.50,27.80,101008,
19:53:56,20.80,23.40,27.80,101003,
19:54:23,20.60,23.50,27.80,101002,
19:54:50,20.60,23.50,27.80,101011,
19:55:17,20.60,23.50,27.80,101012,
19:55:43,20.70,23.50,27.80,101000,
19:56:10,20.60,23.50,27.80,101005,
19:56:37,20.60,23.50,27.80,101020,
19:57:04,20.60,23.50,27.80,101006,
19:57:31,20.60,23.50,27.80,101003,
19:57:58,20.70,23.50,27.80,100999,
19:58:24,20.60,23.50,27.80,100998,
19:58:51,20.60,23.40,27.80,101003,
19:59:18,20.60,23.50,27.80,100994,
19:59:45,20.70,23.50,27.80,101005,
20:00:12,20.50,23.40,27.80,100996,
20:00:39,20.60,23.50,27.80,100993,
20:01:05,20.60,23.50,27.80,100996,
20:01:32,20.70,23.50,27.80,100989,
20:01:59,20.70,23.50,27.80,100986,
20:02:26,20.70,23.50,27.80,100991,
20:02:53,20.80,23.50,27.80,100987,
20:03:20,20.80,23.50,27.80,100989,
20:03:47,20.90,23.50,27.80,100986,
20:04:13,20.70,23.50,27.80,100981,
20:04:40,20.80,23.50,27.80,100988,
20:05:07,20.90,23.50,27.80,100985,
20:05:34,20.80,23.50,27.80,100979,
20:06:01,20.70,23.50,27.80,100984,
20:06:28,20.60,23.50,27.70,100982,
20:06:54,20.60,23.50,27.70,100983,
20:07:21,20.50,23.50,27.70,100974,
20:07:48,20.70,23.50,27.70,100973,
20:08:15,20.80,23.50,27.70,100969,
20:08:42,20.80,23.50,27.70,100975,
20:09:09,20.80,23.50,27.70,100965,
20:09:35,20.70,23.50,27.70,100962,
20:10:02,20.70,23.50,27.70,100967,
20:10:29,20.50,23.40,27.70,100957,
20:10:56,20.60,23.40,27.70,100973,
20:11:23,20.60,23.40,27.70,100965,
20:11:50,20.60,23.40,27.70,100958,
20:12:17,20.60,23.40,27.70,100961,
20:12:43,20.60,23.40,27.70,100969,
20:13:10,20.70,23.40,27.70,100968,
20:13:37,20.60,23.40,27.70,100963,
20:14:04,20.50,23.40,27.70,100965,
20:14:31,20.60,23.40,27.60,100969,
20:14:58,20.50,23.30,27.60,100967,
20:15:24,20.60,23.30,27.60,100958,
20:15:51,20.50,23.30,27.60,100964,
20:16:18,20.60,23.30,27.70,100961,
20:16:45,20.60,23.30,27.70,100956,
20:17:12,20.70,23.30,27.70,100962,
20:17:39,20.60,23.30,27.70,100959,
20:18:05,20.60,23.30,27.70,100955,
20:18:32,20.70,23.40,27.70,100950,
20:18:59,20.50,23.40,27.70,100959,
20:19:26,20.60,23.40,27.70,100954,
20:19:53,20.50,23.40,27.60,100950,
20:20:20,20.50,23.40,27.70,100944,
20:20:47,20.60,23.40,27.60,100948,
20:21:13,20.50,23.40,27.60,100938,
20:21:40,20.60,23.40,27.60,100941,
20:22:07,20.50,23.40,27.60,100937,
20:22:34,20.50,23.30,27.60,100932,
20:23:01,20.50,23.30,27.60,100933,
20:23:28,20.50,23.30,27.60,100933,
20:23:54,20.50,23.30,27.60,100925,
20:24:21,20.50,23.30,27.60,100919,
20:24:48,20.60,23.30,27.60,100921,
20:25:15,20.60,23.30,27.60,100926,
20:25:42,20.50,23.30,27.60,100914,
20:26:09,20.60,23.30,27.60,100908,
20:26:35,20.50,23.30,27.60,100918,
20:27:02,20.60,23.30,27.60,100918,
20:27:29,20.50,23.30,27.60,100915,
20:27:56,20.60,23.30,27.60,100915,
20:28:23,20.60,23.30,27.60,100919,
20:28:50,20.60,23.20,27.60,100918,
20:29:17,20.60,23.20,27.60,100914,
20:29:43,20.50,23.20,27.60,100918,
20:30:10,20.50,23.20,27.50,100900,
20:30:37,20.60,23.20,27.50,100903,
20:31:04,20.60,23.20,27.60,100904,
20:31:31,20.50,23.20,27.60,100899,
20:31:58,20.50,23.20,27.60,100902,
20:32:24,20.50,23.20,27.50,100895,
20:32:51,20.50,23.20,27.60,100897,
20:33:18,20.50,23.20,27.60,100890,
20:33:45,20.60,23.20,27.50,100894,
20:34:12,20.50,23.20,27.60,100892,
20:34:39,20.60,23.20,27.50,100893,
20:35:05,20.50,23.20,27.60,100886,
20:35:32,20.50,23.20,27.60,100893,
20:35:59,20.50,23.20,27.60,100887,
20:36:26,20.50,23.20,27.60,100886,
20:36:53,20.50,23.20,27.60,100887,
20:37:20,20.50,23.20,27.50,100878,
20:37:47,20.50,23.20,27.50,100879,
20:38:13,20.50,23.20,27.50,100879,
20:38:40,20.60,23.20,27.50,100878,
20:39:07,20.50,23.20,27.50,100880,
20:39:34,20.50,23.20,27.50,100875,
20:40:01,20.50,23.20,27.50,100870,
20:40:28,20.60,23.20,27.50,100874,
20:40:54,20.60,23.20,27.50,100869,
20:41:21,20.70,23.30,27.60,100876,
20:41:48,20.60,23.20,27.60,100874,
20:42:15,20.60,23.30,27.60,100870,
20:42:42,20.60,23.30,27.60,100875,
20:43:09,20.60,23.30,27.50,100875,
20:43:35,20.50,23.30,27.60,100867,
20:44:02,20.40,23.30,27.50,100869,
20:44:29,20.50,23.20,27.50,100869,
20:44:56,20.50,23.20,27.50,100875,
20:45:23,20.70,23.20,27.50,100871,
20:45:50,20.90,23.20,27.50,100873,
20:46:17,20.80,23.20,27.50,100868,
20:46:43,20.90,23.20,27.50,100876,
20:47:10,20.90,23.20,27.50,100872,
20:47:37,21.00,23.30,27.50,100879,
20:48:04,20.70,23.30,27.60,100868,
20:48:31,20.70,23.30,27.50,100876,
20:48:58,20.50,23.20,27.50,100882,
20:49:24,20.50,23.20,27.60,100876,
20:49:51,20.60,23.30,27.50,100874,
20:50:18,20.50,23.30,27.50,100875,
20:50:45,20.50,23.30,27.50,100869,
20:51:12,20.60,23.20,27.50,100867,
20:51:39,20.60,23.20,27.50,100874,
20:52:05,20.60,23.30,27.50,100866,
20:52:32,20.60,23.30,27.50,100872,
20:52:59,20.50,23.20,27.50,100872,
20:53:26,20.50,23.20,27.50,100870,
20:53:53,20.50,23.20,27.50,100876,
20:54:20,20.60,23.20,27.50,100879,
20:54:47,20.50,23.20,27.50,100868,
20:55:13,20.60,23.20,27.50,100861,
20:55:40,20.60,23.20,27.50,100863,
20:56:07,20.60,23.20,27.50,100866,
20:56:34,20.60,23.20,27.50,100858,
20:57:01,20.60,23.20,27.50,100862,
20:57:28,20.60,23.20,27.50,100858,
20:57:54,20.60,23.20,27.50,100858,
20:58:21,20.60,23.10,27.50,100856,
20:58:48,20.70,23.10,27.50,100852,
20:59:15,20.60,23.10,27.50,100856,
20:59:42,20.60,23.20,27.50,100861,
21:00:09,20.60,23.20,27.50,100856,
21:00:35,20.70,23.20,27.50,100853,
21:01:02,20.60,23.20,27.50,100857,
21:01:29,20.70,23.20,27.50,100861,
21:01:56,20.60,23.20,27.50,100852,
21:02:23,20.60,23.10,27.50,100839,
21:02:50,20.60,23.10,27.50,100839,
21:03:16,20.60,23.20,27.50,100832,
21:03:43,20.70,23.20,27.50,100832,
21:04:10,20.80,23.20,27.50,100832,
21:04:37,21.00,23.30,27.50,100837,
21:05:04,21.00,23.30,27.50,100822,
21:05:31,20.90,23.30,27.50,100817,
21:05:58,20.80,23.20,27.50,100824,
21:06:24,20.80,23.30,27.50,100815,
21:06:51,20.70,23.20,27.50,100808,
21:07:18,20.70,23.30,27.50,100815,
21:07:45,20.60,23.30,27.50,100818,
21:08:12,20.60,23.30,27.50,100805,
21:08:39,20.70,23.30,27.50,100808,
21:09:05,20.60,23.20,27.50,100799,
21:09:32,20.70,23.30,27.50,100813,
21:09:59,20.80,23.30,27.50,100814,
21:10:26,20.80,23.30,27.50,100812,
21:10:53,20.80,23.20,27.50,100804,
21:11:20,20.80,23.30,27.50,100815,
21:11:46,20.60,23.30,27.50,100802,
21:12:13,20.70,23.30,27.50,100806,
21:12:40,20.70,23.30,27.50,100809,
21:13:07,20.80,23.30,27.50,100798,
21:13:34,20.70,23.30,27.50,100819,
21:14:01,20.60,23.20,27.50,100807,
21:14:28,20.70,23.20,27.50,100806,
21:14:54,20.70,23.20,27.50,100803,
21:15:21,20.70,23.20,27.50,100820,
21:15:48,20.80,23.20,27.50,100797,
21:16:15,20.80,23.20,27.50,100816,
21:16:42,20.80,23.20,27.50,100806,
21:17:09,20.80,23.20,27.50,100808,
21:17:35,20.80,23.20,27.50,100802,
21:18:02,20.80,23.20,27.50,100821,
21:18:29,20.80,23.20,27.50,100813,
21:18:56,20.80,23.20,27.40,100812,
21:19:23,20.90,23.20,27.40,100807,
21:19:50,20.90,23.20,27.40,100816,
21:20:16,20.90,23.20,27.40,100800,
21:20:43,20.90,23.20,27.40,100817,
21:21:10,20.90,23.20,27.40,100809,
21:21:37,20.90,23.20,27.40,100807,
21:22:04,21.00,23.20,27.40,100813,
21:22:31,21.00,23.20,27.40,100815,
21:22:58,21.10,23.20,27.40,100810,
21:23:24,21.00,23.20,27.40,100805,
21:23:51,20.90,23.10,27.40,100805,
21:24:18,21.00,23.10,27.40,100807,
21:24:45,21.00,23.10,27.40,100804,
21:25:12,21.10,23.20,27.40,100804,
21:25:39,21.00,23.10,27.40,100808,
21:26:05,21.00,23.10,27.40,100801,
21:26:32,21.10,23.20,27.40,100804,
21:26:59,21.10,23.20,27.40,100795,
21:27:26,21.10,23.20,27.40,100797,
21:27:53,21.10,23.20,27.50,100800,
21:28:20,21.00,23.20,27.40,100801,
21:28:46,21.00,23.20,27.40,100814,
21:29:13,21.10,23.30,27.40,100811,
21:29:40,21.10,23.30,27.40,100793,
21:30:07,21.10,23.30,27.40,100793,
21:30:34,21.10,23.20,27.40,100792,
21:31:01,21.00,23.20,27.40,100793,
21:31:28,21.10,23.20,27.40,100792,
21:31:54,21.10,23.20,27.40,100796,
21:32:21,21.10,23.20,27.40,100792,
21:32:48,21.10,23.20,27.40,100801,
21:33:15,21.10,23.10,27.40,100800,
21:33:42,21.20,23.10,27.40,100779,
21:34:09,21.10,23.10,27.40,100780,
21:34:35,21.20,23.10,27.40,100785,
21:35:02,21.20,23.10,27.40,100782,
21:35:29,21.20,23.10,27.40,100783,
21:35:56,21.30,23.10,27.40,100787,
21:36:23,21.30,23.10,27.40,100783,
21:36:50,21.30,23.10,27.40,100781,
21:37:16,21.30,23.10,27.40,100778,
21:37:43,21.30,23.10,27.40,100782,
21:38:10,21.30,23.10,27.30,100782,
21:38:37,21.30,23.10,27.40,100788,
21:39:04,21.30,23.10,27.40,100786,
21:39:31,21.30,23.10,27.40,100793,
21:39:58,21.30,23.10,27.40,100787,
21:40:24,21.40,23.10,27.40,100785,
21:40:51,21.30,23.10,27.40,100783,
21:41:18,21.30,23.10,27.40,100790,
21:41:45,21.40,23.10,27.40,100787,
21:42:12,21.40,23.10,27.40,100789,
21:42:39,21.40,23.10,27.40,100782,
21:43:05,21.30,23.10,27.40,100780,
21:43:32,21.40,23.10,27.40,100784,
21:43:59,21.50,23.20,27.40,100779,
21:44:26,21.40,23.20,27.40,100779,
21:44:53,21.40,23.20,27.40,100781,
21:45:20,21.40,23.20,27.40,100781,
21:45:46,21.40,23.20,27.40,100784,
21:46:13,21.40,23.20,27.40,100775,
21:46:40,21.40,23.20,27.40,100793,
21:47:07,21.40,23.20,27.40,100771,
21:47:34,21.50,23.30,27.40,100778,
21:48:01,21.40,23.30,27.40,100778,
21:48:28,21.50,23.30,27.40,100773,
21:48:54,21.50,23.30,27.40,100775,
21:49:21,21.60,23.30,27.40,100775,
21:49:48,21.50,23.20,27.40,100781,
21:50:15,21.50,23.20,27.40,100766,
21:50:42,21.60,23.20,27.40,100773,
21:51:09,21.50,23.20,27.40,100777,
21:51:35,21.50,23.20,27.40,100771,
21:52:02,21.60,23.10,27.40,100771,
21:52:29,21.70,23.20,27.40,100767,
21:52:56,21.70,23.20,27.40,100776,
21:53:23,21.70,23.10,27.40,100778,
21:53:50,21.70,23.20,27.40,100769,
21:54:16,21.70,23.10,27.40,100770,
21:54:43,21.80,23.20,27.40,100770,
21:55:10,21.70,23.10,27.40,100769,
21:55:37,21.70,23.10,27.40,100769,
21:56:04,21.70,23.10,27.40,100767,
21:56:31,21.80,23.10,27.40,100771,
21:56:58,21.80,23.10,27.40,100768,
21:57:24,21.80,23.10,27.40,100760,
21:57:51,21.90,23.10,27.30,100762,
21:58:18,21.90,23.10,27.40,100770,
21:58:45,21.90,23.10,27.40,100772,
21:59:12,21.90,23.10,27.30,100759,
21:59:39,21.90,23.10,27.40,100768,
22:00:05,21.90,23.10,27.40,100769,
22:00:32,21.90,23.10,27.40,100765,
22:00:59,21.90,23.10,27.40,100767,
22:01:26,21.90,23.20,27.40,100761,
22:01:53,22.00,23.20,27.40,100762,
22:02:20,22.00,23.20,27.40,100763,
22:02:46,22.10,23.20,27.40,100761,
22:03:13,22.10,23.20,27.40,100762,
22:03:40,22.00,23.20,27.40,100760,
22:04:07,22.10,23.20,27.40,100753,
22:04:34,22.10,23.20,27.40,100756,
22:05:01,22.10,23.20,27.40,100754,
22:05:27,22.10,23.20,27.40,100745,
22:05:54,22.20,23.20,27.40,100757,
22:06:21,22.10,23.20,27.40,100748,
22:06:48,22.10,23.30,27.40,100754,
22:07:15,22.20,23.20,27.40,100747,
22:07:42,22.20,23.20,27.40,100748,
22:08:09,22.30,23.30,27.40,100749,
22:08:35,22.30,23.20,27.40,100747,
22:09:02,22.30,23.20,27.40,100758,
22:09:29,22.30,23.20,27.40,100755,
22:09:56,22.40,23.30,27.40,100755,
22:10:23,22.20,23.20,27.40,100755,
22:10:50,22.30,23.30,27.40,100752,
22:11:16,22.40,23.20,27.40,100753,
22:11:43,22.50,23.30,27.40,100754,
22:12:10,22.50,23.20,27.40,100748,
22:12:37,22.50,23.30,27.40,100758,
22:13:04,22.50,23.20,27.40,100753,
22:13:31,22.50,23.20,27.40,100759,
22:13:57,22.50,23.20,27.40,100759,
22:14:24,22.60,23.20,27.40,100754,
22:14:51,22.70,23.20,27.40,100756,
22:15:18,22.60,23.20,27.40,100751,
22:15:45,22.50,23.20,27.40,100749,
22:16:12,22.50,23.20,27.40,100761,
22:16:39,22.60,23.20,27.40,100747,
22:17:05,22.70,23.20,27.40,100753,
22:17:32,22.50,23.10,27.40,100756,
22:17:59,22.80,23.20,27.30,100750,
22:18:26,22.90,23.20,27.40,100755,
22:18:53,22.70,23.20,27.40,100759,
22:19:20,22.70,23.20,27.40,100760,
22:19:46,22.70,23.20,27.40,100765,
22:20:13,22.80,23.20,27.40,100762,
22:20:40,22.80,23.10,27.30,100754,
22:21:07,22.80,23.20,27.30,100760,
22:21:34,22.80,23.20,27.30,100756,
22:22:01,22.80,23.10,27.30,100759,
22:22:27,22.90,23.10,27.30,100761,
22:22:54,22.80,23.20,27.30,100754,
22:23:21,22.80,23.20,27.30,100755,
22:23:48,22.80,23.20,27.30,100754,
22:24:15,22.80,23.10,27.40,100758,
22:24:42,22.90,23.20,27.40,100762,
22:25:08,22.90,23.20,27.40,100761,
22:25:35,22.80,23.20,27.40,100763,
22:26:02,22.80,23.20,27.40,100756,
22:26:29,22.80,23.20,27.40,100766,
22:26:56,22.80,23.20,27.30,100757,
22:27:23,22.90,23.20,27.30,100762,
22:27:50,22.90,23.10,27.30,100761,
22:28:16,22.80,23.10,27.30,100763,
22:28:43,22.90,23.10,27.30,100756,
22:29:10,22.90,23.10,27.30,100772,
22:29:37,22.90,23.10,27.30,100762,
22:30:04,22.90,23.10,27.30,100758,
22:30:31,22.90,23.10,27.30,100759,
22:30:57,22.90,23.10,27.30,100764,
22:31:24,22.90,23.10,27.30,100768,
22:31:51,22.90,23.10,27.30,100760,
22:32:18,22.90,23.10,27.30,100772,
22:32:45,23.00,23.10,27.30,100763,
22:33:12,23.00,23.10,27.30,100760,
22:33:38,23.00,23.10,27.30,100773,
22:34:05,23.00,23.10,27.30,100759,
22:34:32,23.00,23.10,27.30,100761,
22:34:59,23.10,23.10,27.30,100761,
22:35:26,23.00,23.10,27.30,100758,
22:35:53,23.00,23.10,27.30,100754,
22:36:20,23.10,23.10,27.30,100772,
22:36:46,23.20,23.10,27.30,100765,
22:37:13,23.20,23.10,27.30,100751,
22:37:40,23.20,23.10,27.30,100752,
22:38:07,23.10,23.10,27.30,100754,
22:38:34,23.10,23.10,27.30,100755,
22:39:01,23.10,23.10,27.30,100755,
22:39:27,23.10,23.10,27.30,100751,
22:39:54,23.10,23.10,27.30,100757,
22:40:21,23.10,23.10,27.30,100751,
22:40:48,23.00,23.10,27.30,100761,
22:41:15,23.10,23.10,27.30,100752,
22:41:42,23.10,23.10,27.30,100751,
22:42:09,23.10,23.20,27.30,100755,
22:42:35,23.10,23.10,27.30,100755,
22:43:02,23.20,23.20,27.30,100753,
22:43:29,23.10,23.10,27.30,100744,
22:43:56,23.10,23.10,27.30,100754,
22:44:23,23.10,23.10,27.30,100749,
22:44:50,23.20,23.10,27.20,100742,
22:45:16,23.20,23.10,27.20,100747,
22:45:43,23.20,23.00,27.20,100743,
22:46:10,23.20,23.00,27.20,100740,
22:46:37,23.20,23.00,27.20,100733,
22:47:04,23.30,23.00,27.20,100733,
22:47:31,23.30,23.00,27.20,100735,
22:47:57,23.30,23.00,27.20,100733,
22:48:24,23.40,23.00,27.20,100718,
22:48:51,23.30,23.00,27.20,100723,
22:49:18,23.30,22.90,27.20,100724,
22:49:45,23.30,22.90,27.20,100727,
22:50:12,23.30,23.00,27.20,100723,
22:50:39,23.30,23.00,27.20,100726,
22:51:05,23.30,23.00,27.20,100736,
22:51:32,23.30,23.00,27.20,100741,
22:51:59,23.30,23.00,27.20,100739,
22:52:26,23.30,22.90,27.20,100726,
22:52:53,23.40,23.00,27.20,100730,
22:53:20,23.40,23.00,27.20,100724,
22:53:46,23.40,23.00,27.20,100727,
22:54:13,23.40,22.90,27.20,100725,
22:54:40,23.40,22.90,27.20,100727,
22:55:07,23.40,22.90,27.20,100730,
22:55:34,23.40,23.00,27.20,100722,
22:56:01,23.40,22.90,27.20,100721,
22:56:27,23.40,22.90,27.20,100715,
22:56:54,23.40,22.90,27.20,100716,
22:57:21,23.40,22.90,27.20,100716,
22:57:48,23.40,22.90,27.20,100715,
22:58:15,23.40,23.00,27.20,100735,
22:58:42,23.40,22.90,27.20,100724,
22:59:09,23.40,22.90,27.20,100723,
22:59:35,23.40,22.90,27.20,100726,
23:00:02,23.40,23.00,27.20,100720,
23:00:29,23.30,23.00,27.20,100717,
23:00:56,23.40,23.00,27.20,100727,
23:01:23,23.40,23.00,27.20,100730,
23:01:50,23.40,23.00,27.20,100752,
23:02:16,23.30,22.90,27.20,100728,
23:02:43,23.30,22.90,27.20,100731,
23:03:10,23.40,22.90,27.20,100715,
23:03:37,23.40,23.00,27.20,100728,
23:04:04,23.40,23.00,27.20,100726,
23:04:31,23.40,22.90,27.20,100718,
23:04:57,23.40,22.90,27.20,100718,
23:05:24,23.40,22.90,27.20,100728,
23:05:51,23.40,22.90,27.10,100728,
23:06:18,23.40,22.90,27.10,100731,
23:06:45,23.50,22.90,27.10,100725,
23:07:12,23.50,22.90,27.10,100716,
23:07:38,23.50,22.90,27.20,100727,
23:08:05,23.50,22.90,27.20,100717,
23:08:32,23.40,22.90,27.20,100729,
23:08:59,23.40,22.90,27.20,100714,
23:09:26,23.40,22.90,27.20,100724,
23:09:53,23.50,23.00,27.20,100731,
23:10:20,23.50,23.00,27.20,100727,
23:10:46,23.40,22.90,27.20,100724,
23:11:13,23.40,22.90,27.20,100735,
23:11:40,23.40,22.90,27.10,100720,
23:12:07,23.40,22.90,27.10,100725,
23:12:34,23.40,23.00,27.10,100725,
23:13:01,23.40,22.90,27.10,100725,
23:13:27,23.40,22.90,27.10,100725,
23:13:54,23.40,22.90,27.10,100720,
23:14:21,23.40,22.90,27.10,100730,
23:14:48,23.40,22.90,27.10,100720,
23:15:15,23.40,22.90,27.10,100731,
23:15:42,23.50,22.90,27.10,100726,
23:16:08,23.50,22.90,27.20,100721,
23:16:35,23.40,22.90,27.20,100731,
23:17:02,23.50,22.90,27.20,100729,
23:17:29,23.50,22.90,27.20,100729,
23:17:56,23.40,22.90,27.20,100731,
23:18:23,23.40,22.90,27.20,100721,
23:18:50,23.50,23.00,27.20,100718,
23:19:16,23.40,22.90,27.20,100731,
23:19:43,23.50,23.00,27.20,100735,
23:20:10,23.50,22.90,27.20,100728,
23:20:37,23.50,23.00,27.20,100723,
23:21:04,23.40,22.90,27.20,100721,
23:21:31,23.50,23.00,27.20,100723,
23:21:57,23.50,22.90,27.10,100731,
23:22:24,23.50,22.90,27.10,100718,
23:22:51,23.50,22.90,27.10,100713,
23:23:18,23.50,22.90,27.10,100723,
23:23:45,23.50,22.90,27.10,100719,
23:24:12,23.50,22.90,27.10,100726,
23:24:38,23.50,22.90,27.10,100709,
23:25:05,23.50,22.90,27.10,100724,
23:25:32,23.50,22.90,27.10,100715,
23:25:59,23.50,22.90,27.10,100711,
23:26:26,23.50,22.90,27.10,100722,
23:26:53,23.50,22.90,27.10,100727,
23:27:20,23.50,22.90,27.10,100722,
23:27:46,23.50,22.90,27.10,100720,
23:28:13,23.50,22.90,27.10,100723,
23:28:40,23.60,22.90,27.10,100723,
23:29:07,23.50,22.90,27.10,100720,
23:29:34,23.50,22.90,27.10,100717,
23:30:01,23.50,22.90,27.10,100723,
23:30:27,23.50,22.90,27.10,100726,
23:30:54,23.50,22.90,27.10,100731,
23:31:21,23.60,22.90,27.10,100724,
23:31:48,23.70,22.90,27.10,100724,
23:32:15,23.60,22.90,27.10,100721,
23:32:42,23.60,22.90,27.10,100737,
23:33:08,23.60,22.80,27.10,100730,
23:33:35,23.60,22.90,27.10,100726,
23:34:02,23.60,22.80,27.10,100730,
23:34:29,23.60,22.90,27.10,100732,
23:34:56,23.70,22.80,27.10,100719,
23:35:23,23.60,22.80,27.10,100719,
23:35:50,23.70,22.80,27.10,100727,
23:36:16,23.60,22.80,27.10,100720,
23:36:43,23.60,22.80,27.10,100731,
23:37:10,23.60,22.80,27.10,100724,
23:37:37,23.60,22.80,27.10,100720,
23:38:04,23.60,22.80,27.10,100719,
23:38:31,23.60,22.80,27.10,100728,
23:38:57,23.60,22.80,27.10,100718,
23:39:24,23.60,22.80,27.10,100722,
23:39:51,23.60,22.80,27.10,100715,
23:40:18,23.60,22.80,27.10,100715,
23:40:45,23.60,22.80,27.10,100714,
23:41:12,23.60,22.90,27.10,100709,
23:41:38,23.60,22.80,27.10,100713,
23:42:05,23.70,22.90,27.10,100719,
23:42:32,23.60,22.80,27.10,100725,
23:42:59,23.60,22.80,27.10,100727,
23:43:26,23.70,22.80,27.10,100721,
23:43:53,23.60,22.80,27.10,100712,
23:44:19,23.60,22.80,27.10,100714,
23:44:46,23.70,22.80,27.10,100719,
23:45:13,23.70,22.90,27.10,100708,
23:45:40,23.70,22.90,27.10,100719,
23:46:07,23.60,22.80,27.10,100715,
23:46:34,23.60,22.80,27.10,100710,
23:47:01,23.60,22.80,27.10,100709,
23:47:27,23.60,22.80,27.10,100711,
23:47:54,23.60,22.80,27.10,100711,
23:48:21,23.60,22.80,27.10,100704,
23:48:48,23.70,22.90,27.10,100722,
23:49:15,23.70,22.80,27.10,100711,
23:49:42,23.70,22.90,27.10,100714,
23:50:08,23.60,22.80,27.10,100713,
23:50:35,23.70,22.90,27.10,100713,
23:51:02,23.70,22.80,27.10,100715,
23:51:29,23.70,22.80,27.10,100708,
23:51:56,23.70,22.90,27.10,100717,
23:52:23,23.70,22.80,27.10,100716,
23:52:49,23.70,22.80,27.00,100713,
23:53:16,23.70,22.80,27.00,100710,
23:53:43,23.80,22.90,27.00,100712,
23:54:10,23.70,22.80,27.00,100722,
23:54:37,23.70,22.80,27.00,100716,
23:55:04,23.70,22.80,27.00,100709,
23:55:30,23.70,22.80,27.00,100715,
23:55:57,23.70,22.80,27.00,100706,
23:56:24,23.70,22.80,27.00,100705,
23:56:51,23.80,22.80,27.00,100711,
23:57:18,23.70,22.70,27.00,100708,
23:57:45,23.80,22.80,27.00,100711,
23:58:12,23.80,22.80,27.00,100713,
23:58:38,23.80,22.70,27.00,100716,
23:59:05,23.80,22.80,27.00,100721,
23:59:32,23.80,22.80,27.00,100717,
23:59:59,23.80,22.80,27.00,100713,
00:00:26,23.80,22.80,27.00,100708,
00:00:53,23.80,22.80,27.00,100711,
00:01:19,23.80,22.80,27.00,100711,
00:01:46,23.80,22.70,27.00,100712,
00:02:13,23.80,22.80,27.00,100710,
00:02:40,23.90,22.80,27.00,100715,
00:03:07,23.80,22.80,27.00,100710,
00:03:34,23.80,22.80,27.00,100707,
00:04:00,23.80,22.80,27.00,100711,
00:04:27,23.90,22.80,27.00,100709,
00:04:54,23.90,22.80,27.00,100710,
00:05:21,23.90,22.80,27.00,100710,
00:05:48,23.90,22.80,27.00,100702,
00:06:15,23.90,22.80,27.00,100709,
00:06:42,23.90,22.80,27.10,100709,
00:07:08,23.90,22.90,27.10,100701,
00:07:35,23.90,22.80,27.10,100710,
00:08:02,23.80,22.90,27.10,100712,
00:08:29,23.90,22.90,27.10,100708,
00:08:56,23.90,22.90,27.10,100709,
00:09:23,23.80,22.90,27.10,100713,
00:09:49,23.80,22.90,27.10,100707,
00:10:16,23.80,22.90,27.10,100711,
00:10:43,23.80,22.90,27.10,100710,
00:11:10,23.70,22.90,27.10,100701,
00:11:37,23.80,22.90,27.00,100705,
00:12:04,23.70,22.80,27.00,100707,
00:12:30,23.90,22.80,27.00,100704,
00:12:57,23.90,22.90,27.00,100707,
00:13:24,23.90,22.90,27.00,100705,
00:13:51,23.80,22.80,27.00,100704,
00:14:18,23.80,22.80,27.00,100723,
00:14:45,23.90,22.80,27.00,100713,
00:15:12,23.90,22.90,27.00,100708,
00:15:38,23.80,22.90,27.00,100703,
00:16:05,23.80,22.80,27.00,100708,
00:16:32,23.80,22.80,27.00,100712,
00:16:59,23.80,22.80,27.00,100703,
00:17:26,23.80,22.80,27.00,100704,
00:17:53,23.80,22.80,27.00,100708,
00:18:19,23.80,22.80,27.00,100710,
00:18:46,23.80,22.80,27.00,100701,
00:19:13,23.90,22.80,27.00,100712,
00:19:40,23.90,22.80,27.00,100708,
00:20:07,23.90,22.80,27.00,100706,
00:20:34,23.90,22.80,27.00,100713,
00:21:00,23.80,22.70,27.00,100708,
00:21:27,23.80,22.70,27.00,100708,
00:21:54,23.90,22.70,27.00,100712,
00:22:21,23.90,22.70,27.00,100711,
00:22:48,23.90,22.70,27.00,100708,
00:23:15,23.90,22.70,27.00,100704,
00:23:42,23.90,22.80,27.00,100706,
00:24:08,23.90,22.80,27.00,100706,
00:24:35,24.00,22.80,27.00,100700,
00:25:02,24.00,22.80,27.00,100704,
00:25:29,24.00,22.80,27.00,100702,
00:25:56,23.90,22.80,27.00,100700,
00:26:23,24.00,22.80,27.00,100700,
00:26:49,24.00,22.80,27.00,100704,
00:27:16,24.00,22.80,27.10,100692,
00:27:43,23.90,22.80,27.00,100705,
00:28:10,23.90,22.90,27.00,100698,
00:28:37,23.90,22.80,27.00,100702,
00:29:04,23.90,22.80,27.10,100694,
00:29:30,23.90,22.80,27.00,100708,
00:29:57,23.90,22.90,27.00,100707,
00:30:24,23.80,22.80,27.00,100690,
00:30:51,23.90,22.80,27.00,100690,
00:31:18,23.90,22.80,27.00,100695,
00:31:45,23.90,22.80,27.00,100700,
00:32:12,23.90,22.80,27.00,100697,
00:32:38,23.90,22.80,27.00,100691,
00:33:05,23.90,22.80,27.00,100698,
00:33:32,23.90,22.80,27.00,100703,
00:33:59,23.90,22.80,27.00,100699,
00:34:26,23.90,22.80,27.00,100695,
00:34:53,23.90,22.80,27.00,100701,
00:35:19,24.00,22.80,27.00,100702,
00:35:46,23.90,22.80,27.00,100700,
00:36:13,24.00,22.80,27.00,100695,
00:36:40,23.90,22.70,27.00,100696,
00:37:07,24.00,22.70,27.00,100699,
00:37:34,23.90,22.70,27.00,100700,
00:38:00,24.00,22.70,27.00,100692,
00:38:27,24.00,22.70,27.00,100697,
00:38:54,24.00,22.70,27.00,100691,
00:39:21,23.90,22.70,27.00,100701,
00:39:48,24.00,22.80,27.00,100689,
00:40:15,24.00,22.80,27.00,100691,
00:40:41,24.00,22.80,27.00,100690,
00:41:08,24.00,22.70,27.00,100688,
00:41:35,24.00,22.70,27.00,100689,
00:42:02,24.00,22.70,26.90,100691,
00:42:29,24.00,22.70,27.00,100693,
00:42:56,24.00,22.70,26.90,100681,
00:43:23,24.00,22.70,26.90,100698,
00:43:49,24.00,22.70,26.90,100685,
00:44:16,24.00,22.70,26.90,100678,
00:44:43,24.00,22.70,26.90,100693,
00:45:10,24.00,22.70,26.90,100689,
00:45:37,24.00,22.70,26.90,100690,
00:46:04,24.10,22.70,26.90,100702,
00:46:30,24.00,22.60,26.90,100688,
00:46:57,24.00,22.70,26.90,100701,
00:47:24,24.00,22.70,26.90,100690,
00:47:51,24.00,22.70,26.90,100696,
00:48:18,24.00,22.70,26.90,100695,
00:48:45,24.00,22.70,26.90,100693,
00:49:11,24.00,22.70,26.90,100682,
00:49:38,24.00,22.70,26.90,100699,
00:50:05,24.10,22.70,26.90,100697,
00:50:32,24.00,22.70,26.90,100697,
00:50:59,24.00,22.70,26.90,100687,
00:51:26,24.00,22.60,26.90,100693,
00:51:53,24.00,22.70,26.90,100700,
00:52:19,24.00,22.70,26.90,100689,
00:52:46,24.00,22.70,26.90,100695,
00:53:13,24.00,22.70,26.90,100687,
00:53:40,24.00,22.70,26.90,100692,
00:54:07,24.00,22.70,26.90,100688,
00:54:34,24.00,22.70,26.90,100693,
00:55:00,24.00,22.70,26.90,100683,
00:55:27,24.00,22.60,26.90,100696,
00:55:54,24.00,22.70,26.90,100681,
00:56:21,24.00,22.70,26.90,100680,
00:56:48,24.00,22.70,26.90,100697,
00:57:15,24.00,22.70,26.90,100686,
00:57:41,24.00,22.70,26.90,100687,
00:58:08,24.00,22.70,26.90,100687,
00:58:35,23.90,22.70,26.90,100685,
00:59:02,24.00,22.70,26.90,100688,
00:59:29,24.00,22.70,26.90,100681,
00:59:56,23.90,22.60,26.90,100682,
01:00:23,23.90,22.60,26.90,100677,
01:00:49,23.90,22.60,26.90,100682,
01:01:16,24.00,22.70,26.90,100682,
01:01:43,24.00,22.70,26.90,100688,
01:02:10,24.00,22.70,26.90,100682,
01:02:37,23.90,22.70,26.90,100684,
01:03:04,24.00,22.70,26.90,100697,
01:03:30,23.90,22.70,26.90,100687,
01:03:57,24.00,22.70,26.90,100685,
01:04:24,24.00,22.70,26.90,100684,
01:04:51,24.00,22.70,26.90,100681,
01:05:18,24.00,22.70,26.90,100694,
01:05:45,24.00,22.70,26.90,100681,
01:06:11,24.00,22.70,26.90,100678,
01:06:38,24.00,22.70,26.90,100688,
01:07:05,23.90,22.70,26.90,100686,
01:07:32,23.90,22.70,26.90,100687,
01:07:59,23.80,22.70,26.90,100688,
01:08:26,24.00,22.70,26.90,100684,
01:08:52,23.90,22.60,26.90,100684,
01:09:19,24.00,22.60,26.90,100676,
01:09:46,24.00,22.70,26.90,100679,
01:10:13,24.00,22.70,26.90,100674,
01:10:40,24.10,22.70,26.90,100688,
01:11:07,23.90,22.70,26.90,100679,
01:11:34,23.90,22.70,26.90,100676,
01:12:00,23.90,22.70,26.90,100664,
01:12:27,23.90,22.70,26.90,100670,
01:12:54,23.90,22.70,26.90,100669,
01:13:21,23.90,22.70,26.90,100669,
01:13:48,23.90,22.70,26.90,100684,
01:14:15,23.90,22.70,26.90,100679,
01:14:41,23.90,22.70,26.90,100682,
01:15:08,23.90,22.70,26.90,100695,
01:15:35,23.90,22.70,26.90,100676,
01:16:02,23.90,22.70,26.90,100680,
01:16:29,23.90,22.70,26.90,100684,
01:16:56,24.00,22.70,26.90,100682,
01:17:22,23.90,22.70,26.90,100679,
01:17:49,23.90,22.70,26.90,100685,
01:18:16,23.80,22.60,26.90,100677,
01:18:43,23.90,22.60,26.80,100677,
01:19:10,23.90,22.60,26.80,100677,
01:19:37,23.90,22.60,26.80,100678,
01:20:04,23.80,22.60,26.90,100680,
01:20:30,23.80,22.60,26.90,100671,
01:20:57,23.80,22.60,26.90,100679,
01:21:24,23.80,22.60,26.90,100670,
01:21:51,23.90,22.60,26.90,100676,
01:22:18,23.90,22.60,26.90,100666,
01:22:45,24.00,22.60,26.90,100685,
01:23:11,23.90,22.60,26.90,100677,
01:23:38,23.90,22.70,26.90,100677,
01:24:05,23.90,22.70,26.90,100680,
01:24:32,23.90,22.60,26.90,100661,
01:24:59,23.90,22.60,26.90,100667,
01:25:26,23.90,22.60,26.90,100665,
01:25:52,23.80,22.60,26.90,100663,
01:26:19,23.90,22.60,26.90,100675,
01:26:46,23.80,22.60,26.80,100671,
01:27:13,23.80,22.60,26.80,100670,
01:27:40,23.80,22.60,26.80,100679,
01:28:07,23.80,22.60,26.80,100679,
01:28:34,23.80,22.60,26.80,100688,
01:29:00,23.90,22.60,26.80,100683,
01:29:27,24.00,22.60,26.80,100674,
01:29:54,24.10,22.60,26.80,100680,
01:30:21,24.10,22.60,26.80,100672,
01:30:48,24.20,22.60,26.80,100673,
01:31:15,24.20,22.70,26.80,100693,
01:31:41,24.20,22.60,26.80,100678,
01:32:08,24.20,22.60,26.80,100666,
01:32:35,24.20,22.60,26.80,100676,
01:33:02,24.20,22.70,26.80,100661,
01:33:29,24.20,22.70,26.80,100658,
01:33:56,24.20,22.70,26.90,100666,
01:34:22,24.10,22.70,26.90,100663,
01:34:49,24.10,22.70,26.90,100679,
01:35:16,24.10,22.80,26.90,100678,
01:35:43,24.00,22.80,26.90,100675,
01:36:10,24.00,22.80,26.90,100684,
01:36:37,24.00,22.80,26.90,100680,
01:37:03,24.00,22.80,27.00,100687,
01:37:30,24.00,22.80,27.00,100680,
01:37:57,24.00,22.90,27.00,100685,
01:38:24,24.00,22.90,27.00,100684,
01:38:51,24.00,22.90,27.00,100676,
01:39:18,23.90,22.90,27.00,100680,
01:39:45,23.80,23.00,27.00,100689,
01:40:11,24.00,23.00,27.00,100675,
01:40:38,24.00,22.90,27.00,100690,
01:41:05,24.40,22.70,26.90,100679,
01:41:32,24.70,22.70,26.90,100687,
01:41:59,24.60,22.70,26.90,100686,
